{"cameraMode":{"drawMode":0,"name":"Shaded","section":"Shading Mode"},"sceneLighting":false,"audioPlay":false,"sceneViewState":{"showFog":false,"showMaterialUpdate":false,"showSkybox":true,"showFlares":true,"showImageEffects":true,"showParticleSystems":true},"in2DMode":false,"pivot":{"x":-3.9250001907348635,"y":-0.12940406799316407,"z":-0.10199999809265137},"rotation":{"x":0.1300978660583496,"y":0.16427740454673768,"z":-0.021885834634304048,"w":0.9775523543357849},"size":14.882664680480957,"orthographic":false}