{"cameraMode":{"drawMode":0,"name":"Shaded","section":"Shading Mode"},"sceneLighting":false,"audioPlay":false,"sceneViewState":{"showFog":false,"showMaterialUpdate":false,"showSkybox":true,"showFlares":true,"showImageEffects":true,"showParticleSystems":true},"in2DMode":false,"pivot":{"x":4.752868175506592,"y":-0.4770964980125427,"z":5.584370136260986},"rotation":{"x":-0.09395704418420792,"y":-0.8329787850379944,"z":0.1492743194103241,"w":-0.5244384407997131},"size":7.344891548156738,"orthographic":false}