{"cameraMode":{"drawMode":0,"name":"Shaded","section":"Shading Mode"},"sceneLighting":true,"audioPlay":false,"sceneViewState":{"showFog":false,"showMaterialUpdate":false,"showSkybox":true,"showFlares":true,"showImageEffects":true,"showParticleSystems":true},"in2DMode":false,"pivot":{"x":-0.22350621223449708,"y":0.11109596490859986,"z":6.011999607086182},"rotation":{"x":0.07161708921194077,"y":0.03231233358383179,"z":-0.002365462714806199,"w":0.9969059228897095},"size":22.977264404296876,"orthographic":false}