{"cameraMode":{"drawMode":0,"name":"Shaded","section":"Shading Mode"},"sceneLighting":false,"audioPlay":false,"sceneViewState":{"showFog":false,"showMaterialUpdate":false,"showSkybox":true,"showFlares":true,"showImageEffects":true,"showParticleSystems":true},"in2DMode":false,"pivot":{"x":-0.16766035556793214,"y":-0.08130806684494019,"z":0.4879988431930542},"rotation":{"x":-0.4298344850540161,"y":-0.0008156594703905284,"z":0.00038816063897684216,"w":-0.9029073119163513},"size":4.480853080749512,"orthographic":false}