{"cameraMode":{"drawMode":0,"name":"Shaded","section":"Shading Mode"},"sceneLighting":false,"audioPlay":false,"sceneViewState":{"showFog":false,"showMaterialUpdate":false,"showSkybox":true,"showFlares":true,"showImageEffects":true,"showParticleSystems":true},"in2DMode":false,"pivot":{"x":-0.7594184875488281,"y":0.04635682702064514,"z":0.5259755849838257},"rotation":{"x":0.13549040257930757,"y":0.697395384311676,"z":-0.1368817239999771,"w":0.6903226971626282},"size":1.71694016456604,"orthographic":false}